序号,链接,节点数
0,https://clashgithub.com/wp-content/uploads/rss/20260914.yml,0
1,https://clashstair.cczzuu.top/node/20260912.yaml,0
2,https://free.datiya.com/uploads/20260914-clash.yaml,14
3,https://jichangx.com/nodes/v2ray-20260913-01,11
4,https://jichangx.com/nodes/v2ray-20260912-02,0
5,https://mm.mibei77.com/202609/0912Clashikw.yaml,0
6,https://node.clashnode.cc/uploads/2026/09/0-20260914.yaml,304
7,https://node.clashnode.cc/uploads/2026/09/1-20260914.yaml,265
8,https://node.clashnode.cc/uploads/2026/09/2-20260914.yaml,0
9,https://node.clashnode.cc/uploads/2026/09/3-20260914.yaml,27
10,https://node.clashnode.cc/uploads/2026/09/4-20260914.yaml,0
11,https://node.freeclashnode.com/uploads/2026/09/0-20260914.yaml,304
12,https://node.freeclashnode.com/uploads/2026/09/1-20260914.yaml,265
13,https://node.freeclashnode.com/uploads/2026/09/2-20260914.yaml,0
14,https://node.freeclashnode.com/uploads/2026/09/3-20260914.yaml,27
15,https://node.freeclashnode.com/uploads/2026/09/4-20260914.yaml,0
16,https://node.freev2raynode.com/uploads/2026/09/0-20260914.yaml,304
17,https://node.freev2raynode.com/uploads/2026/09/1-20260914.yaml,265
18,https://node.freev2raynode.com/uploads/2026/09/2-20260914.yaml,0
19,https://node.freev2raynode.com/uploads/2026/09/3-20260914.yaml,27
20,https://node.freev2raynode.com/uploads/2026/09/4-20260914.yaml,0
21,https://nodefree.org/dy/2026/09/20260914.yaml,0
22,https://oss.oneclash.cc/2026/9/20260912.yaml,0
23,https://raw.githubusercontent.com/free-nodes/clashfree/main/clash20260914.yml,1631
24,https://sfdr.zaixianyouxi.dpdns.org/uploads/2026/9/20260914.yaml,263
25,https://stairnode.cczzuu.top/node/20260912.yaml,0
26,https://v2clash.blog/Link/20260912-clash.yaml,0
27,https://wanzhuanmi.cczzuu.top/node/20260912.yaml,0
28,https://cdn.jsdelivr.net/gh/vxiaov/free_proxies@main/clash/clash.provider.yaml,28
29,https://gh-proxy.com/raw.githubusercontent.com/ssrsub/ssr/master/clash.yaml,106
30,https://gh-proxy.org/https://github.com/ttfc8/clash/blob/main/crawclash.yaml,0
31,https://gh-proxy.org/https://github.com/xituimao/spider-clash/blob/main/output/clash.yaml,46
32,https://gh-proxy.org/https://raw.githubusercontent.com/Barabama/FreeNodes/main/nodes/blues.yaml,60
33,https://gh-proxy.org/https://raw.githubusercontent.com/Barabama/FreeNodes/main/nodes/ndnode.yaml,14
34,https://gh-proxy.org/https://raw.githubusercontent.com/Barabama/FreeNodes/main/nodes/yudou66.yaml,163
35,https://gh-proxy.org/https://raw.githubusercontent.com/Jsnzkpg/Jsnzkpg/Jsnzkpg/Jsnzkpg,0
36,https://gh-proxy.org/https://raw.githubusercontent.com/NiceVPN123/NiceVPN/main/Clash.yaml,0
37,https://gh-proxy.org/https://raw.githubusercontent.com/anaer/Sub/main/clash.yaml,644
38,https://gh-proxy.org/https://raw.githubusercontent.com/ripaojiedian/freenode/main/clash,14
39,https://gh-proxy.org/https://raw.githubusercontent.com/shaoyouvip/free/refs/heads/main/mihomo.yaml,100
40,https://ghfast.top/https://raw.githubusercontent.com/free18/v2ray/refs/heads/main/c.yaml,308
41,https://ghproxy.cfd/https://raw.githubusercontent.com/peasoft/NoMoreWalls/master/list.meta.yml,0
42,https://nodebuf.com/files/public/cms6qzg140ar5qb5wivnv3m8l/download,22
43,https://raw.githubusercontent.com/Misaka-blog/chromego_merge/main/sub/merged_proxies_new.yaml,25
44,https://raw.githubusercontent.com/PuddinCat/BestClash/main/proxies.yaml,16
45,https://raw.githubusercontent.com/aiboboxx/clashfree/main/clash.yml,0
46,https://raw.githubusercontent.com/anaer/Sub/main/clash.yaml,644
47,https://raw.githubusercontent.com/awesome-vpn/awesome-vpn/master/clash.yaml,38
48,https://raw.githubusercontent.com/chengaopan/AutoMergePublicNodes/master/list.yml,26
49,https://raw.githubusercontent.com/ermaozi/get_subscribe/main/subscribe/clash.yml,444
50,https://raw.githubusercontent.com/ermaozi01/free_clash_vpn/main/subscribe/clash.yml,20
51,https://raw.githubusercontent.com/hello-world-1989/cn-news/refs/heads/main/clash.yaml,2
52,https://raw.githubusercontent.com/lagzian/SS-Collector/main/mix_clash.yaml,0
53,https://raw.githubusercontent.com/mfuu/v2ray/master/clash.yaml,0
54,https://raw.githubusercontent.com/ovmvo/FreeSub/refs/heads/main/sub/permanent/mihomo.yaml,126
55,https://raw.githubusercontent.com/ts-sf/fly/main/clash,200
56,https://raw.githubusercontent.com/yafeisun/v2raynode/refs/heads/main/result/nodetotal.txt,3775
57,https://raw.githubusercontent.com/yafeisun/v2raynode/refs/heads/main/result/v2rayse.txt,2
58,https://raw.githubusercontent.com/zhangkaiitugithub/passcro/main/meta.yaml,144
59,https://raw.githubusercontent.com/zhangkaiitugithub/passcro/main/speednodes.yaml,144
60,https://www.xrayvip.com/free.yaml,0

总计,,5354
